SubscriberKey,FirstName,DisplayName,EmailAddress,TotalCups,FavouriteDrink,Drink1Count,Drink2,Drink2Count,Drink3,Drink3Count,Category,Temperature,Tagline,PeakHour,PeakHourFormatted,MostActiveMonth,TopPercent,PointsEarned,MemberSince,PersonalityBadge,PersonalityEmoji,PersonalityDescription
BEAN1001,Olivia,Olivia,olivia@demodata.example.com,312,Oat Flat White,196,Cold Brew,78,Espresso,38,Milk-based,Hot,"Smooth, creamy, quietly iconic",7,7:00 AM,July,4,3120,2021,Creamy Connoisseur,🥛,"Silky microfoam, double shot backbone, zero fuss. Comfort elevated into pure craft."
BEAN1002,Ethan,Ethan,ethan@demodata.example.com,268,Long Black,172,Espresso,64,Cold Brew,32,Espresso,Hot,"No frills, all focus",6,6:00 AM,June,7,2680,2020,Dawn Purist,⚡,"Awake before the sun with zero frills and 100% focus. An uncompromising espresso purist."
BEAN1003,,Fellow Coffee Lover,bean1003@demodata.example.com,141,Caramel Latte,88,Mocha,34,Cappuccino,19,Sweet,Hot,"Dessert that counts as breakfast",15,3:00 PM,September,22,1410,2023,Sweet Tooth Alchemist,🍯,"Dessert that proudly counts as breakfast. Life is too short for bitter coffee."
BEAN1004,Sofia,Sofia,sofia@demodata.example.com,205,Cold Brew,130,Oat Flat White,52,Long Black,23,Cold Brew,Cold,"Slow-steeped, seriously smooth",14,2:00 PM,January,11,2050,2022,Ice Cold Icon,🧊,"Slow-steeped, chilled to perfection, always dialed in no matter the weather."
BEAN1005,Liam,Liam,liam@demodata.example.com,97,Cappuccino,58,Mocha,24,Caramel Latte,15,Milk-based,Hot,"The classic, foam and all",21,9:00 PM,March,41,970,2024,Night Owl Barista,🌙,"Who says 9 PM isn't prime cappuccino time? Rules were made to be broken."
BEAN1006,Aria,Aria,aria@demodata.example.com,178,Matcha Latte,112,Oat Flat White,44,Cold Brew,22,Tea,Hot,"Green, grounded, glowing",9,9:00 AM,August,15,1780,2023,Zen Ritualist,🍵,"Green, grounded, glowing. Mindful mornings and balanced, sustained focus."
BEAN1007,Noah,Noah,noah@demodata.example.com,356,Espresso,240,Piccolo,76,Long Black,40,Espresso,Hot,"Pure, punchy, no apologies",8,8:00 AM,May,2,3560,2019,Caffeine Royalty,👑,"356 cups logged. You don't just drink coffee, you run on it. Pure, punchy, no apologies."
BEAN1008,Maya,Maya,maya@demodata.example.com,120,Mocha,75,Caramel Latte,30,Cappuccino,15,Sweet,Hot,"Coffee meets chocolate, everybody wins",22,10:00 PM,November,33,1200,2024,Midnight Confectioner,🍫,"Coffee meets chocolate after dark. Everybody wins, especially on late-night cravings."
BEAN1009,Kai,Kai,kai@demodata.example.com,233,Piccolo,152,Long Black,54,Espresso,27,Espresso,Hot,"Small cup, big personality",11,11:00 AM,February,9,2330,2021,Piccolo Mastermind,🎯,"Small cup, big personality. Concentrated precision for the late-morning dial-in."
